<?xml version="1.0" encoding="UTF-8"?>
<wls:weblogic-application xmlns:wls="http://xmlns.oracle.com/weblogic/weblogic-application" xmlns:xsi="http://www.w3.org/2001/XMLSchema-instance" xsi:schemaLocation="http://java.sun.com/xml/ns/javaee http://java.sun.com/xml/ns/javaee/ejb-jar_3_0.xsd http://xmlns.oracle.com/weblogic/weblogic-application http://xmlns.oracle.com/weblogic/weblogic-application/1.2/weblogic-application.xsd">
    <wls:application-param>
        <wls:param-name>webapp.encoding.default</wls:param-name>
        <wls:param-value>UTF-8</wls:param-value>
    </wls:application-param>
    <wls:library-ref>
        <wls:library-name>org.eclipse.persistence</wls:library-name>
        <wls:specification-version>2.3</wls:specification-version>
        <wls:implementation-version>2.3.1.v20111018-r10243</wls:implementation-version>
        <wls:exact-match>true</wls:exact-match>
    </wls:library-ref>
</wls:weblogic-application>
